job_title,skills,salary,summary
Software Developer,"Python, Java, C++, DSA, OOP, Git, SQL","₹4-12 LPA","Builds software applications and backend systems."
Web Developer,"HTML, CSS, JavaScript, React, Node.js, Bootstrap","₹3-10 LPA","Creates websites and web applications."
Frontend Developer,"HTML, CSS, JavaScript, React, UI/UX, API Integration","₹4-12 LPA","Builds user interfaces for websites and apps."
Backend Developer,"Python, Java, Node.js, Django, Flask, SQL, APIs","₹5-15 LPA","Handles server-side logic and databases."
Full Stack Developer,"Frontend, Backend, REST API, Database, Git, Deployment","₹5-18 LPA","Develops complete web applications."
Data Analyst,"Excel, SQL, Power BI, Python, Statistics, Data Cleaning","₹4-12 LPA","Analyzes data and creates reports/dashboards."
Data Scientist,"Python, Machine Learning, Statistics, Pandas, Scikit-learn","₹6-20 LPA","Builds models to solve business problems using data."
AI Engineer,"Python, ML, Deep Learning, NLP, TensorFlow, PyTorch","₹7-25 LPA","Develops AI-based systems and applications."
Machine Learning Engineer,"Python, ML Algorithms, Model Training, APIs, MLOps","₹6-22 LPA","Builds and deploys ML models."
Cyber Security Analyst,"Networking, Linux, Ethical Hacking, SIEM, Firewalls","₹4-15 LPA","Protects systems from cyber attacks."
Cloud Engineer,"AWS, Azure, Docker, Kubernetes, Linux, Networking","₹5-18 LPA","Manages cloud infrastructure and deployment."
DevOps Engineer,"Linux, Docker, Kubernetes, CI/CD, Jenkins, Git","₹6-20 LPA","Automates software deployment and infrastructure."
Network Engineer,"CCNA, Routing, Switching, Firewalls, TCP/IP","₹3-10 LPA","Maintains computer networks."
Database Administrator,"SQL, MySQL, Oracle, Backup, Performance Tuning","₹4-14 LPA","Manages company databases."
Mobile App Developer,"Android, Java, Kotlin, Flutter, Firebase","₹4-14 LPA","Builds mobile applications."
Game Developer,"Unity, C#, C++, 3D Modeling, Game Physics","₹3-12 LPA","Creates video games and simulations."
UI/UX Designer,"Figma, Wireframing, Prototyping, User Research","₹3-10 LPA","Designs user-friendly digital products."
IT Support Engineer,"Windows, Linux, Troubleshooting, Networking, Hardware","₹2-6 LPA","Solves technical problems for users."
System Administrator,"Linux, Windows Server, Networking, Security, Backup","₹3-10 LPA","Manages IT systems and servers."
Mechanical Engineer,"AutoCAD, SolidWorks, Manufacturing, Thermodynamics","₹3-9 LPA","Designs and maintains mechanical systems."
Design Engineer,"CAD, SolidWorks, CATIA, GD&T, Product Design","₹3-10 LPA","Creates technical designs and product models."
Production Engineer,"Manufacturing, Quality Control, Lean, CNC, Safety","₹3-8 LPA","Manages production processes in factories."
Maintenance Engineer,"Machine Maintenance, Troubleshooting, Hydraulics, Pneumatics","₹2.5-8 LPA","Maintains industrial machines and equipment."
Automobile Engineer,"Vehicle Systems, IC Engine, EV, CAD, Diagnostics","₹3-10 LPA","Works on vehicle design and maintenance."
HVAC Engineer,"Heating, Ventilation, Air Conditioning, AutoCAD, Load Calculation","₹3-9 LPA","Designs and maintains HVAC systems."
Quality Engineer,"Quality Inspection, Six Sigma, ISO, Testing, Documentation","₹3-9 LPA","Ensures product quality standards."
Civil Engineer,"AutoCAD, Estimation, Surveying, Construction Management","₹3-9 LPA","Plans and supervises construction projects."
Site Engineer,"Construction, Drawings, Material Management, Safety","₹2.5-7 LPA","Manages daily work at construction sites."
Structural Engineer,"STAAD Pro, RCC Design, Steel Design, AutoCAD","₹4-12 LPA","Designs safe building structures."
Quantity Surveyor,"Estimation, Billing, BOQ, AutoCAD, Excel","₹3-9 LPA","Calculates project cost and material quantity."
Construction Manager,"Project Planning, Site Management, Safety, Budgeting","₹5-18 LPA","Manages construction projects."
Survey Engineer,"Total Station, GPS, AutoCAD, Land Surveying","₹2.5-8 LPA","Measures land and prepares survey reports."
Electrical Engineer,"Circuit Design, Power Systems, AutoCAD Electrical, PLC","₹3-10 LPA","Designs and maintains electrical systems."
Power Plant Engineer,"Power Generation, Turbines, Boilers, Safety, Maintenance","₹4-12 LPA","Works in power generation plants."
Control Engineer,"PLC, SCADA, Automation, Sensors, Electrical Panels","₹4-14 LPA","Develops industrial control systems."
Embedded Systems Engineer,"C, C++, Microcontrollers, Arduino, IoT, PCB","₹4-15 LPA","Builds hardware-software embedded systems."
Electronics Engineer,"Circuit Design, PCB, VLSI Basics, Sensors, Testing","₹3-12 LPA","Works on electronic devices and circuits."
Instrumentation Engineer,"Sensors, PLC, Calibration, Control Systems, SCADA","₹3-10 LPA","Maintains measurement and control instruments."
Robotics Engineer,"Python, C++, ROS, Sensors, Automation, Mechanics","₹5-18 LPA","Builds robotic systems."
IoT Engineer,"Arduino, Raspberry Pi, Sensors, Python, MQTT, Cloud","₹4-15 LPA","Creates internet-connected smart devices."
Chemical Engineer,"Process Design, Safety, Thermodynamics, Plant Operation","₹3-10 LPA","Works in chemical processing industries."
Biomedical Engineer,"Medical Devices, Electronics, Biomechanics, Testing","₹3-10 LPA","Develops and maintains medical equipment."
Aerospace Engineer,"Aerodynamics, CAD, Propulsion, Simulation, Materials","₹5-18 LPA","Designs aircraft and aerospace systems."
Mining Engineer,"Mining Methods, Safety, Surveying, Geology, Equipment","₹4-12 LPA","Plans and manages mining operations."
Petroleum Engineer,"Drilling, Reservoir Engineering, Safety, Geology","₹6-20 LPA","Works in oil and gas extraction."
Agriculture Engineer,"Farm Machinery, Irrigation, Soil Science, CAD","₹3-9 LPA","Applies engineering in agriculture."
Diploma Mechanical Technician,"Machine Tools, Welding, Fitting, AutoCAD, Maintenance","₹1.8-5 LPA","Supports mechanical operations and maintenance."
Diploma Civil Technician,"Surveying, AutoCAD, Estimation, Site Supervision","₹1.8-5 LPA","Assists civil engineers at sites."
Diploma Electrical Technician,"Wiring, Motors, Transformers, Panel Work, Safety","₹1.8-5 LPA","Installs and repairs electrical systems."
Diploma IT Technician,"Networking, Hardware, Software Installation, Troubleshooting","₹1.8-5 LPA","Provides basic IT support."
Diploma Electronics Technician,"PCB, Soldering, Testing, Sensors, Repairing","₹1.8-5 LPA","Repairs and tests electronic circuits."
B.Tech CSE Graduate,"Programming, DSA, DBMS, OS, CN, Web Development","₹4-15 LPA","Works in software and IT companies."
B.Tech Mechanical Graduate,"CAD, Manufacturing, Thermal, Design, Maintenance","₹3-10 LPA","Works in manufacturing and design industries."
B.Tech Civil Graduate,"Construction, Structural Design, Surveying, Estimation","₹3-10 LPA","Works in construction and infrastructure."
B.Tech Electrical Graduate,"Power Systems, Machines, Circuits, Control Systems","₹3-12 LPA","Works in electrical and power sectors."
B.Tech ECE Graduate,"Electronics, VLSI, Embedded Systems","₹3-12 LPA","Works in electronics and telecom."
MBA IT Manager,"Project Management, IT Strategy, Leadership, Analytics","₹6-20 LPA","Manages IT projects and teams."
Digital Marketing Executive,"SEO, Google Ads, Social Media, Content, Analytics","₹2.5-8 LPA","Promotes products online."
SEO Analyst,"Keyword Research, On-page SEO, Backlinks, Analytics","₹2.5-7 LPA","Improves website ranking on search engines."
Graphic Designer,"Photoshop, Illustrator, Canva, Typography, Branding","₹2.5-8 LPA","Creates visual designs and branding materials."
Content Writer,"Writing, SEO, Research, Editing","₹2-7 LPA","Writes articles, blogs and marketing content."
Business Analyst,"Requirement Analysis, Excel, SQL, Documentation, Communication","₹4-12 LPA","Connects business needs with technical teams."
Project Manager,"Planning, Agile, Scrum, Budgeting, Team Management","₹8-25 LPA","Manages project delivery."
HR Executive,"Recruitment, Payroll, Communication, HR Policies","₹2.5-8 LPA","Handles hiring and employee management."
Accountant,"Tally, GST, Excel, Taxation, Bookkeeping","₹2.5-8 LPA","Manages financial records."
Banking Associate,"Finance, Customer Service, Excel, Banking Operations","₹2.5-7 LPA","Works in banking and financial services."
Teacher,"Subject Knowledge, Communication, Lesson Planning, Assessment","₹2.5-8 LPA","Teaches students and prepares lessons."
Lab Technician,"Testing, Equipment Handling, Safety, Documentation","₹2-6 LPA","Assists in laboratory work."
Pharmacist,"Medicines, Prescription Handling, Patient Care, Inventory","₹2.5-7 LPA","Dispenses medicines and advises patients."
Nurse,"Patient Care, First Aid, Medical Record,"₹2.5-8 LPA","Provides healthcare support."
Hotel Manager,"Hospitality, Customer Service, Operations, Team Management","₹3-12 LPA","Manages hotel operations."
Chef,"Cooking, Food Safety, Menu Planning, Kitchen Management","₹2.5-10 LPA","Prepares food and manages kitchen tasks."
Fashion Designer,"Sketching, Textile Knowledge, CAD, Pattern Making","₹3-12 LPA","Designs clothes and fashion products."
Interior Designer,"AutoCAD, SketchUp, Space Planning, Materials","₹3-12 LPA","Designs indoor spaces."
Architect,"AutoCAD, Revit, Building Design, Planning, 3D Modeling","₹4-15 LPA","Designs buildings and spaces."
Lawyer,"Legal Research, Drafting, Communication, Court Procedure","₹3-15 LPA","Provides legal advice and representation."
Journalist,"Writing, Research, Interviewing, Reporting, Editing","₹2.5-10 LPA","Reports news and stories."
Pilot,"Aviation Knowledge, Navigation, Communication, Safety","₹12-50 LPA","Operates aircraft."
Air Hostess,"Communication, Grooming, Safety, Customer Service","₹4-12 LPA","Assists passengers during flights."
Product Manager,"Product Strategy, Roadmap Planning, Agile, UX, Market Research, Leadership","₹10-30 LPA","A Product Manager is responsible for defining product vision, strategy, and roadmap. They act as a bridge between business, technology, and users. Their job includes understanding customer needs, analyzing market trends, prioritizing features, and ensuring successful product delivery. They work closely with developers, designers, and stakeholders to build products that solve real-world problems."
Blockchain Developer,"Solidity, Ethereum, Smart Contracts, Web3, Cryptography","₹8-25 LPA","A Blockchain Developer builds decentralized applications and smart contracts. They work on secure and transparent systems using blockchain technology. This role is important in cryptocurrency, fintech, and digital security sectors."
Ethical Hacker,"Penetration Testing, Kali Linux, Networking, Cyber Laws, Security Tools","₹5-18 LPA","An Ethical Hacker tests systems for vulnerabilities by simulating cyber attacks. Their goal is to identify weaknesses before malicious hackers exploit them. They play a crucial role in cybersecurity."
Technical Writer,"Documentation, Writing, Research, API Docs,"₹3-10 LPA","A Technical Writer creates manuals, guides, and documentation for software and systems. They simplify complex technical concepts into easy-to-understand content for users."
Sales Manager,"Sales Strategy, Negotiation, CRM, Communication, Leadership","₹4-15 LPA","A Sales Manager leads a team to achieve sales targets. They develop strategies, manage customer relationships, and analyze performance metrics to improve business growth."
Entrepreneur,"Business Planning, Finance, Marketing, Leadership, Risk Management","Variable","An Entrepreneur starts and manages their own business. They identify opportunities, take risks, and build products or services to solve problems. This role requires creativity, resilience, and strong decision-making skills."
Event Manager,"Event Planning, Budgeting, Vendor Management, Communication","₹3-12 LPA","An Event Manager organizes and manages events such as weddings, corporate functions, and exhibitions. They coordinate logistics, manage budgets, and ensure smooth execution."
Supply Chain Manager,"Logistics, Inventory Management, Procurement, ERP, Analytics","₹5-18 LPA","A Supply Chain Manager oversees the flow of goods from production to delivery. They ensure efficiency, reduce costs, and maintain quality across the supply chain."
Digital Content Creator,"Video Editing, SEO, Social Media, Creativity, Branding","₹2-15 LPA","A Content Creator produces digital content such as videos, blogs, and social media posts. They focus on audience engagement and brand building."
Animator,"2D/3D Animation, Blender, Maya, Creativity, Storyboarding","₹3-12 LPA","An Animator creates visual effects and animations for films, games, and advertisements. They bring characters and stories to life using animation tools."
Photographer,"Camera Handling, Editing, Lighting, Creativity","₹2-10 LPA","A Photographer captures images for events, media, or commercial use. They use technical and creative skills to produce high-quality visuals."
Video Editor,"Adobe Premiere Pro, After Effects, Storytelling, Editing","₹3-10 LPA","A Video Editor edits raw footage into engaging videos. They add effects, transitions, and sound to create professional content."
Fitness Trainer,"Exercise Science, Nutrition, Coaching,"₹2-8 LPA","A Fitness Trainer helps clients achieve health goals through exercise programs and guidance. They focus on physical fitness and well-being."
Psychologist,"Counseling, Therapy, Communication, Behavioral Analysis","₹4-15 LPA","A Psychologist studies human behavior and provides therapy to help individuals manage mental health issues."
Social Worker,"Community Service, Counseling, Communication, Problem Solving","₹2-8 LPA","A Social Worker helps individuals and communities improve their well-being by providing support and resources."
Logistics Coordinator,"Transportation, Scheduling, Communication, Planning","₹3-8 LPA","A Logistics Coordinator manages the transportation and delivery of goods, ensuring timely and efficient operations."
Customer Success Manager,"Customer Support, CRM, Communication, Relationship Management","₹4-12 LPA","A Customer Success Manager ensures customer satisfaction and retention by addressing issues and improving service quality."
Insurance Advisor,"Sales, Communication, Financial Knowledge, Customer Handling","₹2-10 LPA","An Insurance Advisor helps clients choose insurance policies that meet their needs."
Real Estate Agent,"Property Sales, Negotiation, Market Analysis, Communication","₹3-15 LPA","A Real Estate Agent assists clients in buying, selling, or renting properties."
Teacher Trainer,"Teaching Skills, Curriculum Design, Communication","₹3-10 LPA","A Teacher Trainer trains educators to improve teaching methods and classroom management."
Translator,"Language Skills, Writing, Cultural Understanding","₹2-8 LPA","A Translator converts text from one language to another while maintaining meaning and context."
Public Relations Officer,"Media Relations, Communication, Branding, Crisis Management","₹4-12 LPA","A PR Officer manages a company’s public image and communication with media and stakeholders."
Operations Manager,"Process Management, Leadership, Planning, Analytics","₹6-20 LPA","An Operations Manager ensures efficient business operations by optimizing processes and managing teams."
Warehouse Manager,"Inventory, Logistics, Team Management, Safety","₹3-10 LPA","A Warehouse Manager oversees storage, inventory, and distribution of goods."
E-commerce Manager,"Online Sales, SEO, Analytics, Product Management","₹4-15 LPA","An E-commerce Manager handles online store operations, product listings, and digital sales strategies."
Fashion Stylist,"Fashion Knowledge, Creativity, Trends, Communication","₹3-10 LPA","A Fashion Stylist helps clients choose outfits and create a personal style."
Makeup Artist,"Makeup Techniques, Creativity, Client Handling","₹2-10 LPA","A Makeup Artist enhances clients’ appearance for events, media, or fashion shoots."
Travel Consultant,"Travel Planning, Customer Service, Booking Systems","₹2-8 LPA","A Travel Consultant helps clients plan trips, including bookings and itineraries."
Hotel Receptionist,"Communication, Customer Service, Booking Systems","₹2-6 LPA","A Hotel Receptionist manages front desk operations and assists guests."
Chef Specialist,"Cuisine Skills, Creativity, Kitchen Management","₹3-12 LPA","A Chef specializes in preparing high-quality meals and managing kitchen operations."
Bartender,"Mixology, Customer Service, Communication","₹2-8 LPA","A Bartender prepares and serves beverages in restaurants and bars."
Security Guard,"Surveillance, Safety Procedures,"₹1.5-4 LPA","A Security Guard protects property and ensures safety of people."
Driver,"Driving Skills, Navigation, Safety Awareness","₹2-6 LPA","A Driver transports goods or passengers safely."
Electrician,"Wiring, Installation, Safety, Troubleshooting","₹2-6 LPA","An Electrician installs and repairs electrical systems."
Plumber,"Pipe Fitting, Repair, Installation, Tools Handling","₹2-6 LPA","A Plumber installs and repairs piping systems."
Carpenter,"Woodwork, Tools, Design, Measurement","₹2-6 LPA","A Carpenter builds and repairs wooden structures."
Tailor,"Sewing, Design, Measurement, Fabric Knowledge","₹2-5 LPA","A Tailor creates and alters clothing."
Beautician,"Skincare, Haircare, Makeup, Customer Service","₹2-6 LPA","A Beautician provides beauty treatments and services."
AR/VR Developer,"Unity, Unreal Engine, C#, 3D Modeling, XR","₹6-20 LPA","Develops immersive augmented and virtual reality applications for gaming, training, and simulations."
Prompt Engineer,"AI Prompting, NLP, LLMs, Creativity, Testing","₹8-25 LPA","Designs effective prompts to interact with AI models and optimize their outputs."
Data Engineer,"Python, SQL, ETL, Big Data, Hadoop, Spark","₹6-18 LPA","Builds data pipelines and manages large-scale data processing systems."
Site Reliability Engineer,"Linux, Monitoring, DevOps, Automation, Cloud","₹8-22 LPA","Ensures system reliability, uptime, and performance in production environments."
QA Automation Engineer,"Selenium, Testing, Python, CI/CD, Debugging","₹4-12 LPA","Automates testing processes to ensure software quality."
Penetration Tester,"Ethical Hacking, Security Testing, Networking","₹5-18 LPA","Simulates cyber attacks to find vulnerabilities in systems."
GIS Analyst,"ArcGIS, Mapping, Data Analysis, Geography","₹3-10 LPA","Analyzes geographical data and creates maps for planning."
UX Researcher,"User Research, Surveys, Data Analysis, UX","₹4-12 LPA","Studies user behavior to improve product design."
SEO Content Strategist,"SEO, Content Planning, Analytics","₹3-10 LPA","Plans content to improve website visibility."
Affiliate Marketer,"Marketing, Sales, Social Media","₹2-12 LPA","Earns commission by promoting products online."
Stock Trader,"Trading, Market Analysis, Risk Management","₹3-20 LPA","Buys and sells stocks to generate profit."
Financial Analyst,"Finance, Excel, Forecasting, Data Analysis","₹4-15 LPA","Analyzes financial data for business decisions."
Auditor,"Accounting, Compliance, Reporting","₹3-10 LPA","Examines financial records for accuracy."
Investment Banker,"Finance, Valuation, Mergers, Strategy","₹10-40 LPA","Advises companies on financial strategies."
Chartered Accountant,"Taxation, Audit, Accounting","₹6-25 LPA","Manages financial records and tax planning."
Supply Planner,"Forecasting, Logistics, Analytics","₹4-12 LPA","Plans product supply based on demand."
Procurement Manager,"Vendor Management, Negotiation","₹5-18 LPA","Handles purchasing and supplier relations."
Fleet Manager,"Logistics, Vehicle Management","₹3-10 LPA","Manages transportation fleet operations."
Air Traffic Controller,"Communication, Aviation Rules","₹10-25 LPA","Guides aircraft safely during flights."
Cabin Crew Trainer,"Training, Communication","₹4-12 LPA","Trains flight staff."
Marine Engineer,"Ship Systems, Maintenance","₹6-20 LPA","Maintains ship engines and systems."
Naval Architect,"Ship Design, CAD","₹5-18 LPA","Designs ships and marine structures."
Fire Safety Officer,"Safety, Risk Assessment","₹3-10 LPA","Ensures fire safety compliance."
Environmental Scientist,"Research, Sustainability","₹4-15 LPA","Studies environmental issues."
Wildlife Biologist,"Biology, Field Research","₹3-12 LPA","Studies animals in natural habitats."
Food Technologist,"Food Science, Quality Control","₹3-10 LPA","Improves food production processes."
Nutritionist,"Diet Planning, Health","₹2-8 LPA","Advises on nutrition and health."
Physiotherapist,"Rehabilitation, Therapy","₹3-10 LPA","Treats physical injuries."
Dentist,"Dental Care, Surgery","₹6-20 LPA","Provides oral healthcare."
Radiologist,"Imaging, Diagnosis","₹10-30 LPA","Analyzes medical scans."
Phlebotomist,"Blood Collection, Lab Skills","₹2-6 LPA","Collects blood samples."
Paramedic,"Emergency Care, First Aid","₹2-8 LPA","Provides emergency medical support."
Sports Coach,"Training, Fitness","₹2-8 LPA","Trains athletes."
Yoga Instructor,"Yoga, Wellness","₹2-6 LPA","Teaches yoga practices."
Gym Manager,"Fitness, Management","₹3-10 LPA","Runs fitness centers."
Music Producer,"Audio Editing, Creativity","₹3-12 LPA","Produces music tracks."
Sound Engineer,"Audio Systems, Recording","₹3-10 LPA","Manages sound quality."
Radio Jockey,"Communication, Entertainment","₹2-8 LPA","Hosts radio shows."
Film Director,"Storytelling, Leadership","₹5-50 LPA","Directs movies."
Script Writer,"Writing, Creativity","₹3-15 LPA","Writes scripts."
Voice Over Artist,"Voice Acting, Communication","₹2-10 LPA","Records voice content."
Translator Interpreter,"Languages, Communication","₹3-12 LPA","Translates and interprets languages."
Diplomat,"International Relations","₹10-30 LPA","Represents country abroad."
Police Officer,"Law Enforcement, Fitness","₹3-10 LPA","Maintains law and order."
Army Officer,"Leadership, Strategy","₹6-20 LPA","Serves in defense forces."
Firefighter,"Emergency Response","₹3-10 LPA","Responds to fire emergencies."
Judge,"Law, Decision Making","₹10-30 LPA","Presides over court cases."
Legal Advisor,"Legal Knowledge, Drafting","₹4-15 LPA","Advises on legal matters."
NGO Worker,"Social Work, Field Work","₹2-8 LPA","Works for social causes."
Counselor,"Communication, Psychology","₹3-10 LPA","Guides individuals."
Career Coach,"Guidance","₹3-12 LPA","Helps in career planning."
Librarian,"Cataloging, Management","₹2-6 LPA","Manages libraries."
Archivist,"Record Management","₹3-10 LPA","Preserves documents."
Museum Curator,"History, Research","₹4-12 LPA","Manages museum collections."
Tour Guide,"Communication, History","₹2-8 LPA","Guides tourists."
Travel Blogger,"Writing, Photography","₹2-15 LPA","Creates travel content."
Influencer,"Social Media, Branding","₹2-50 LPA","Builds online audience."
Podcaster,"Audio, Communication","₹2-12 LPA","Creates podcast content."
App Tester,"Testing, QA","₹3-10 LPA","Tests mobile apps."
Game Tester,"Gaming, QA","₹2-8 LPA","Tests video games."
Drone Operator,"Drone Control, Photography","₹3-12 LPA","Operates drones."
Survey Drone Pilot,"GIS, Drone Tech","₹4-15 LPA","Maps land using drones."
Cyber Forensic Analyst,"Cybercrime, Investigation","₹5-18 LPA","Investigates cyber crimes."
Digital Forensic Expert,"Data Recovery, Security","₹5-18 LPA","Analyzes digital evidence."
Ethical AI Specialist,"AI Ethics, Policy","₹8-25 LPA","Ensures responsible AI use."
AI Trainer,"Data Labeling, ML","₹3-10 LPA","Trains AI models."
Chatbot Trainer,"NLP, Testing","₹3-10 LPA","Improves chatbot responses."
No-Code Developer,"Bubble, Zapier","₹3-12 LPA","Builds apps without coding."
Low-Code Developer,"OutSystems, Mendix","₹4-15 LPA","Builds apps with minimal coding."
Airport Ground Staff,"Passenger Handling, Ticketing, Baggage Handling, Customer Service","₹2.5-8 LPA","Handles airport operations including passenger check-in, baggage handling, and assisting travelers. Ensures smooth boarding and provides customer support at airports."
Airline Ticketing Executive,"Reservation Systems, Communication, Customer Service, Booking Management","₹2-7 LPA","Manages ticket bookings, cancellations, and customer queries for airline passengers. Works with reservation software."
Airport Security Officer,"Security Screening, Surveillance, Safety Protocol","₹3-9 LPA","Ensures passenger safety by screening luggage and monitoring suspicious activities at airports."
Flight Dispatcher,"Flight Planning, Weather Analysis, Aviation Rules,"₹5-15 LPA","Plans flight routes, monitors weather conditions, and ensures safe flight operations."
Ground Handling Supervisor,"Team Management, Airport Operations, Safety, Coordination","₹4-12 LPA","Supervises airport ground staff and ensures efficient operations."
Cabin Crew Supervisor,"Leadership, Customer Service, Safety Procedures","₹5-15 LPA","Manages cabin crew operations and ensures passenger safety and comfort."
Airport Operations Manager,"Operations Management, Logistics, Leadership, Planning","₹8-25 LPA","Oversees all airport operations and ensures smooth functioning of services."

Doctor (General Physician),"Diagnosis, Patient Care, Medical Knowledge,,"₹6-20 LPA","Diagnoses and treats common illnesses, provides medical advice, and ensures patient care."
Surgeon,"Surgery, Medical Procedures, Precision, Decision Making","₹10-40 LPA","Performs surgical operations to treat diseases and injuries."
Pediatrician,"Child Care, Diagnosis,"₹6-18 LPA","Treats infants and children and monitors their growth and development."
Gynecologist,"Women's Health, Surgery, Patient Care","₹8-25 LPA","Specializes in female reproductive health and childbirth."
Nurse Staff,"Patient Care, First Aid, Medical Support","₹2.5-8 LPA","Assists doctors, cares for patients, and maintains medical records."
ICU Nurse,"Critical Care, Monitoring, Emergency Response","₹3-10 LPA","Provides care to critically ill patients in ICU."
Lab Assistant (Medical),"Sample Testing, Lab Equipment, Documentation","₹2-6 LPA","Conducts medical tests and assists in laboratories."
Pharmacy Assistant,"Medicine Knowledge, Inventory, Customer Service","₹2-6 LPA","Supports pharmacists in dispensing medicines and managing stock."
Radiology Technician,"X-Ray, MRI, Imaging Equipment","₹3-10 LPA","Operates imaging machines for diagnosis."


Nephrologist,"Kidney Disease Diagnosis, Dialysis Management, Patient Monitoring, Lab Analysis, Critical Care","₹10-30 LPA","A Nephrologist specializes in treating kidney-related disorders and managing dialysis patients."

Urologist,"Urinary System Treatment, Surgery, Diagnosis, Patient Care, Endoscopy","₹8-25 LPA","A Urologist treats urinary tract and male reproductive system disorders."

Pulmonologist,"Lung Disease Diagnosis, Ventilator Management, Respiratory Care, ICU Handling","₹8-25 LPA","A Pulmonologist treats respiratory diseases such as asthma and lung infections."

Endocrinologist,"Hormonal Disorders, Diabetes Management, Thyroid Treatment, Patient Monitoring","₹8-25 LPA","An Endocrinologist specializes in hormone-related diseases."

Gastroenterologist,"Digestive System Treatment, Endoscopy, Diagnosis, Patient Care","₹10-30 LPA","A Gastroenterologist treats stomach and digestive system disorders."

Hematologist,"Blood Disorders, Lab Analysis, Diagnosis, Patient Care","₹8-25 LPA","A Hematologist specializes in blood diseases like anemia and leukemia."

Rheumatologist,"Joint Disorders, Autoimmune Diseases, Pain Management","₹8-25 LPA","A Rheumatologist treats arthritis and autoimmune conditions."

Ophthalmologist,"Eye Examination, Surgery, Vision Correction, Diagnosis","₹6-20 LPA","An Ophthalmologist treats eye-related conditions and performs surgeries."

ENT Specialist,"Ear Nose Throat Treatment, Surgery, Diagnosis, Patient Care","₹6-20 LPA","Treats ENT-related disorders."

Plastic Surgeon,"Cosmetic Surgery, Reconstruction, Precision, Patient Care","₹10-40 LPA","Performs cosmetic and reconstructive surgeries."

Forensic Doctor,"Postmortem, Legal Reporting, Medical Examination","₹5-15 LPA","Works in medico-legal cases and autopsies."

Sports Medicine Doctor,"Injury Treatment, Rehabilitation, Fitness, Orthopedics","₹6-20 LPA","Treats sports injuries and improves athlete performance."

Pain Management Specialist,"Pain Therapy, Medication Management, Patient Care","₹6-18 LPA","Focuses on chronic pain treatment."

Sleep Specialist,"Sleep Disorders, Diagnosis, Therapy, Patient Care","₹6-18 LPA","Treats sleep-related disorders."

Geriatrician,"Elderly Care, Chronic Disease Management, Patient Counseling","₹6-18 LPA","Specializes in healthcare for elderly patients."

Infectious Disease Specialist,"Infection Control, Diagnosis, Treatment Planning","₹8-25 LPA","Treats infectious diseases like COVID and tuberculosis."

Immunologist,"Immune System Disorders, Research, Diagnosis","₹8-25 LPA","Studies immune system and allergies."

Pathologist,"Lab Testing, Microscopy, Diagnosis, Data Analysis","₹6-20 LPA","Analyzes samples to diagnose diseases."

Clinical Pharmacologist,"Drug Testing, Pharmacology, Research, Safety Monitoring","₹6-18 LPA","Studies drug effects and safety."

Rehabilitation Doctor,"Physiotherapy, Recovery Planning, Patient Care","₹5-15 LPA","Helps patients recover after injury."

Critical Care Specialist,"ICU Management, Emergency Care, Ventilator Handling","₹10-30 LPA","Manages critically ill patients."

Transplant Surgeon,"Organ Transplant, Surgery, Patient Care","₹15-50 LPA","Performs organ transplant surgeries."

Nutrition Specialist Doctor,"Diet Planning, Clinical Nutrition, Patient Counseling","₹5-15 LPA","Provides medical nutrition therapy."

Occupational Health Doctor,"Workplace Health, Safety Regulations, Risk Assessment","₹5-15 LPA","Ensures employee health and safety."

Telehealth Physician,"Online Consultation, Digital Diagnosis","₹5-15 LPA","Provides healthcare remotely."

Medical Coding Specialist,"ICD Coding, Data Entry, Medical Records","₹3-10 LPA","Handles medical coding and billing."

Clinical Data Manager,"Data Management, Clinical Trials, Analysis","₹5-15 LPA","Manages clinical data."

Health Informatics Specialist,"IT, Healthcare Systems, Data Analysis","₹5-15 LPA","Combines IT with healthcare systems."

Medical Auditor,"Compliance, Documentation, Quality Check","₹4-12 LPA","Ensures medical processes follow standards."

Epidemiologist,"Disease Study, Data Analysis, Public Health","₹6-20 LPA","Studies disease spread."

Vaccine Specialist,"Immunization, Research, Patient Care","₹6-20 LPA","Focuses on vaccines."

Palliative Care Doctor,"End-of-life Care, Counseling, Pain Management","₹6-18 LPA","Provides comfort care."

Addiction Specialist,"Substance Abuse Treatment, Counseling","₹6-18 LPA","Treats addiction disorders."

Military Doctor,"Emergency Care, Surgery, Field Medicine","₹6-20 LPA","Serves in armed forces."

Space Medicine Doctor,"Aerospace Medicine, Research, Health Monitoring","₹10-30 LPA","Studies health in space."

Hyperbaric Medicine Specialist,"Oxygen Therapy, Wound Healing","₹6-18 LPA","Treats patients using oxygen therapy."

Geneticist Doctor,"Genetic Testing, Research, Diagnosis","₹8-25 LPA","Studies genetic disorders."

Fertility Specialist,"IVF, Reproductive Health, Counseling","₹8-25 LPA","Helps in fertility treatments."

Emergency Trauma Surgeon,"Trauma Surgery, Emergency Care","₹10-35 LPA","Handles severe injuries."

Burn Specialist,"Burn Treatment, Surgery, Patient Care","₹6-20 LPA","Treats burn injuries."

Toxicologist,"Poison Treatment, Research, Analysis","₹6-20 LPA","Studies toxins and poisoning."

Preventive Medicine Doctor,"Health Screening, Prevention, Awareness","₹5-15 LPA","Focuses on disease prevention."

Community Health Doctor,"Public Health, Awareness, Patient Care","₹5-15 LPA","Works in rural/community areas."

School Health Doctor,"Child Health, Screening, Vaccination","₹3-10 LPA","Monitors school children health."

Hospital Administrator Doctor,"Management, Leadership, Planning","₹8-25 LPA","Manages hospital operations."

Medical Lecturer,"Teaching, Research","₹5-15 LPA","Teaches medical students."

Clinical Trainer Doctor,"Training, Communication, Healthcare Skills","₹5-15 LPA","Trains healthcare professionals."

IAS Officer,"Administration, Policy Making, Leadership","₹10-30 LPA","Handles government administration and policy implementation."
IPS Officer,"Law Enforcement, Investigation, Leadership","₹10-30 LPA","Maintains law and order and manages police forces."
SSC Clerk,"Data Entry, Office Work, Communication","₹2-6 LPA","Handles administrative and clerical tasks in government offices."
Railway Ticket Collector,"Ticket Checking, Communication, Customer Service","₹3-8 LPA","Checks passenger tickets and ensures compliance in trains."
Bank PO (Govt),"Banking, Finance, Customer Service","₹5-12 LPA","Manages banking operations in government banks."
Forest Officer,"Environmental Knowledge, Field Work","₹6-15 LPA","Protects forests and wildlife resources."
Defense Soldier,"Physical Fitness, Discipline, Weapons Handling","₹4-10 LPA","Serves in armed forces for national security."
Post Office Clerk,"Sorting, Data Entry, Communication","₹2-6 LPA","Handles postal services and mail sorting."
Municipal Officer,"Urban Planning, Administration","₹5-15 LPA","Manages city services and infrastructure."

Police Constable,"Law Enforcement, Physical Fitness","₹2-6 LPA","Maintains public safety and enforces laws."
Fire Officer,"Fire Safety, Emergency Response","₹4-12 LPA","Leads firefighting operations."
Traffic Police,"Traffic Control, Law Enforcement","₹2-6 LPA","Manages traffic and ensures road safety."

Farmer (Modern Agriculture),"Farming, Irrigation, Crop Management","₹2-10 LPA","Uses modern techniques for crop production."
Dairy Farm Manager,"Animal Care, Production, Management","₹3-10 LPA","Manages dairy production and livestock."
Fishery Officer,"Aquaculture, Water Management","₹3-10 LPA","Manages fish farming operations."

Electric Vehicle Technician,"EV Systems, Battery Maintenance","₹3-10 LPA","Repairs and maintains electric vehicles."
Solar Panel Technician,"Solar Installation, Electrical Skills","₹2-8 LPA","Installs and maintains solar panels."
Wind Turbine Technician,"Mechanical, Electrical Maintenance","₹4-12 LPA","Maintains wind energy systems."

Courier Delivery Executive,"Delivery, Navigation, Time Management","₹2-6 LPA","Delivers packages to customers."
Warehouse Associate,"Inventory, Packing, Logistics","₹2-6 LPA","Manages warehouse operations."
Retail Store Manager,"Sales, Customer Service, Team Management","₹4-12 LPA","Manages retail store operations."
Cashier,"Billing, Customer Service, POS","₹2-5 LPA","Handles customer billing and payments."

Call Center Executive,"Communication, Customer Support","₹2-6 LPA","Handles customer queries via calls."
Telecaller,"Sales, Communication","₹2-5 LPA","Contacts customers for sales or support."

Construction Labor Supervisor,"Site Work, Labor Management","₹3-8 LPA","Supervises construction workers."
Mason,"Brick Work, Construction","₹2-6 LPA","Builds structures using bricks."
Painter (Building),"Painting, Finishing","₹2-6 LPA","Paints buildings and structures."

Driver (Heavy Vehicle),"Driving, Safety, Navigation","₹3-8 LPA","Drives trucks or buses."
Auto Mechanic,"Vehicle Repair, Tools","₹2-6 LPA","Repairs automobiles."
Bike Mechanic,"Repair, Maintenance","₹2-5 LPA","Repairs motorcycles."

Security Supervisor,"Security, Monitoring, Leadership","₹3-10 LPA","Supervises security staff."
Housekeeping Manager,"Cleaning, Management","₹3-8 LPA","Manages cleaning operations."

Receptionist,"Communication, Customer Handling","₹2-6 LPA","Handles front desk operations."
Office Assistant,"Documentation, Filing","₹2-6 LPA","Supports office tasks."

Event Decorator,"Decoration, Creativity","₹2-8 LPA","Decorates events."
Wedding Planner,"Planning, Coordination","₹3-12 LPA","Organizes weddings."

Sports Trainer,"Coaching, Fitness","₹2-8 LPA","Trains athletes."
Referee,"Rules Knowledge, Decision Making","₹2-6 LPA","Officiates sports matches."


Critical Care Specialist,"Ventilator Management, Hemodynamic Monitoring, Arterial Line Insertion, Central Line Placement, Sepsis Management, ICU Protocols, Oxygen Therapy, Intubation","₹10-35 LPA","A Critical Care Specialist manages life-threatening conditions in ICU. They monitor vital functions, handle ventilators, and provide advanced life support to critically ill patients."

Emergency Medicine Doctor,"Trauma Management, CPR, Advanced Cardiac Life Support, Airway Management, Shock Management, Rapid Diagnosis, Defibrillation, Triage","₹8-25 LPA","An Emergency Medicine Doctor treats acute medical emergencies, stabilizes patients, and performs life-saving interventions."

Cardiologist,"ECG Interpretation, Echocardiography, Angiography, Cardiac Catheterization, Heart Failure Management, Arrhythmia Treatment, Stent Placement","₹12-40 LPA","A Cardiologist diagnoses and treats heart diseases using advanced diagnostic and interventional procedures."

Neurologist,"EEG Analysis, Stroke Management, Neuroimaging Interpretation, Seizure Control, Lumbar Puncture, Brain Disorder Diagnosis","₹10-30 LPA","A Neurologist treats brain and nervous system disorders, requiring deep understanding of neurological functions."

Neurosurgeon,"Brain Surgery, Spine Surgery, Craniotomy, Tumor Removal, Neurovascular Procedures, Microsurgery","₹15-50 LPA","A Neurosurgeon performs complex surgeries on the brain and spinal cord."

Orthopedic Surgeon,"Joint Replacement, Fracture Fixation, Arthroscopy, Bone Alignment, Trauma Surgery, Implant Placement","₹10-30 LPA","An Orthopedic Surgeon treats musculoskeletal conditions through surgical and non-surgical methods."

General Surgeon,"Appendectomy, Hernia Repair, Laparoscopy, Abdominal Surgery, Surgical Suturing, Sterilization","₹8-25 LPA","A General Surgeon performs a wide range of surgical procedures."

Anesthesiologist,"Anesthesia Administration, Pain Management, Airway Control, Patient Sedation, Monitoring Vital Signs","₹10-30 LPA","An Anesthesiologist manages anesthesia during surgeries and ensures patient stability."

Radiologist,"MRI Interpretation, CT Scan Analysis, Ultrasound Diagnosis, Imaging Techniques, Contrast Studies","₹10-30 LPA","A Radiologist analyzes medical imaging for diagnosis."

Pathologist,"Biopsy Analysis, Histopathology, Blood Testing, Cytology, Lab Diagnostics","₹8-20 LPA","A Pathologist diagnoses diseases through lab tests and tissue analysis."

Oncologist,"Chemotherapy Administration, Tumor Diagnosis, Radiation Planning, Cancer Staging, Immunotherapy","₹12-35 LPA","An Oncologist treats cancer patients using advanced therapies."

Endocrinologist,"Hormone Analysis, Diabetes Management, Thyroid Disorders Treatment, Metabolic Disorders","₹10-25 LPA","An Endocrinologist treats hormonal imbalances and metabolic diseases."

Pulmonologist,"Lung Function Testing, Bronchoscopy, Asthma Management, COPD Treatment, Oxygen Therapy","₹10-25 LPA","A Pulmonologist specializes in respiratory diseases."

Gastroenterologist,"Endoscopy, Colonoscopy, Liver Disease Management, GI Bleeding Control, Biopsy","₹10-30 LPA","A Gastroenterologist treats digestive system disorders."

Urologist,"Kidney Stone Removal, Prostate Surgery, Urinary Tract Treatment, Cystoscopy","₹10-30 LPA","A Urologist treats urinary and male reproductive system disorders."

Nephrologist,"Dialysis Management, Kidney Function Testing, Renal Failure Treatment","₹10-25 LPA","A Nephrologist specializes in kidney-related diseases."

Infectious Disease Specialist,"Infection Control, Antibiotic Therapy, Disease Prevention, Viral/Bacterial Diagnosis","₹8-20 LPA","Treats infectious diseases and manages outbreaks."

Hematologist,"Blood Disorders Diagnosis, Bone Marrow Analysis, Transfusion Therapy","₹10-25 LPA","A Hematologist treats blood-related diseases."

Rheumatologist,"Autoimmune Disease Treatment, Arthritis Management, Joint Inflammation Control","₹8-20 LPA","Treats immune system-related disorders."

Dermatologist (Clinical),"Skin Biopsy, Lesion Diagnosis, Laser Therapy, Infection Treatment","₹8-20 LPA","Treats serious skin diseases."

Obstetrician,"Delivery Management, C-Section Surgery, Fetal Monitoring, Labor Care","₹10-25 LPA","Handles pregnancy and childbirth."

Ophthalmologist,"Eye Surgery, Cataract Removal, Vision Correction, Retinal Treatment","₹8-25 LPA","Treats eye disorders."

ENT Specialist,"Ear Surgery, Sinus Treatment, Throat Disorders, Hearing Tests","₹8-20 LPA","Treats ear, nose, and throat diseases."

Plastic Surgeon,"Reconstructive Surgery, Cosmetic Surgery, Burn Treatment, Tissue Repair","₹15-40 LPA","Performs reconstructive and cosmetic procedures."

Pediatric Surgeon,"Child Surgery, Congenital Defects Treatment, Neonatal Care","₹10-30 LPA","Performs surgeries on children."

Trauma Surgeon,"Emergency Surgery, Injury Stabilization, Bleeding Control","₹12-35 LPA","Handles severe injury cases."

Sports Medicine Doctor,"Injury Treatment, Rehabilitation, Joint Care","₹6-15 LPA","Treats sports-related injuries."

Geriatrician,"Elderly Care, Chronic Disease Management, Mobility Issues","₹6-15 LPA","Treats aging-related health issues."

Pain Specialist,"Pain Diagnosis, Nerve Blocks, Chronic Pain Management","₹8-20 LPA","Manages long-term pain conditions."

Toxicologist,"Poison Management, Drug Overdose Treatment, Chemical Exposure","₹8-20 LPA","Treats toxic exposures."

Sleep Specialist,"Sleep Disorder Diagnosis, Polysomnography, Therapy","₹6-15 LPA","Treats sleep-related disorders."

Occupational Health Doctor,"Workplace Health, Injury Prevention, Risk Assessment","₹6-15 LPA","Ensures worker health safety."

Rehabilitation Specialist,"Physical Recovery, Therapy Planning, Injury Rehab","₹6-15 LPA","Helps patients recover after injury."

Nuclear Medicine Specialist,"Radioisotope Therapy, Imaging, Cancer Detection","₹10-25 LPA","Uses radioactive materials for diagnosis and treatment."
